"","sample_name","0610005C13Rik","0610007C21Rik","0610007L01Rik","0610007N19Rik","0610007P08Rik","0610007P14Rik","0610007P22Rik","0610008F07Rik","0610009B14Rik","0610009B22Rik","0610009D07Rik","0610009L18Rik","0610009O20Rik","0610010B08Rik","0610010F05Rik","0610010K14Rik","0610010O12Rik","0610011F06Rik","0610011L14Rik","0610012G03Rik","0610012H03Rik","0610030E20Rik","0610031J06Rik","0610031O16Rik","0610037L13Rik","0610037P05Rik","0610038B21Rik","0610038L08Rik","0610039K10Rik","0610040B10Rik","0610040F04Rik","0610040J01Rik","0610043K17Rik","0910001L09Rik","100043387","1100001G20Rik","1110001A16Rik","1110001J03Rik","1110002B05Rik","1110002L01Rik","1110002N22Rik","1110003E01Rik","1110004E09Rik","1110004F10Rik","1110005A03Rik","1110006O24Rik","1110007C09Rik","1110008F13Rik","1110008J03Rik","1110008L16Rik","1110008P14Rik","1110012J17Rik","1110012L19Rik","1110014N23Rik","1110015O18Rik","1110017D15Rik","1110017F19Rik","1110018G07Rik","1110018J18Rik","1110019D14Rik","1110020A21Rik","1110020G09Rik","1110021J02Rik","1110021L09Rik","1110028C15Rik","1110028F11Rik","1110028F18Rik","1110031I02Rik","1110032A03Rik","1110032A04Rik","1110032F04Rik","1110034A24Rik","1110034B05Rik","1110034G24Rik","1110035M17Rik","1110036E04Rik","1110037F02Rik","1110038B12Rik","1110038D17Rik","1110038F14Rik","1110046J04Rik","1110049F12Rik","1110050K14Rik","1110051M20Rik","1110054M08Rik","1110054O05Rik","1110057K04Rik","1110058L19Rik","1110059E24Rik","1110059G10Rik","1110059M19Rik","1110065P20Rik","1110067D22Rik","1190002F15Rik","1190002H23Rik","1190002N15Rik","1190003J15Rik","1190003K10Rik","1190005F20Rik"
"1","Calb2_tdTpositive_cell_1",0,992,2.57,0,0,0,0,0,0,1,614.04,0,2028.99,50.22,1238,1,234,552.01,1713.6,16.57,0,739.86,1701,0,163,1982.77,0,0,0,0,349.09,0,0,0,281.45,0,397.64,234,0,0.13,2,27,1,2168.38,1,0,0,171,1628,0,2,0,1,0,0,0,0,4,0,0,0,0,37.38,340.55,0,0,0,0,1.83,0,0,0,0,482,0,0,0,0,486.42,3,110.99,0,0,213,0,28.01,3339.09,57,42.02,100,0,0,617,0,0,0,0,0,0
"2","Calb2_tdTpositive_cell_2",0,2287.02,177,0,0,816,0,0,0,0,612.78,0,0,3.37,0,285.95,0,483,0,19.96,0,9.88,1152.61,0,432,794.11,0,0,0,0,6.47,0,0,0,0,0,0,158,0,2,0,0,0,1103,0,0,0,333.3,0,0,0,0,781,0,0,0,0,1,4,0,0,0,60.5,26.71,0,0,0,0,0,0,0,0,0,0,0,0,0,5,0,0,9.94,0,0,2630,0,1.07,2050.91,346.4,0,0,0,0,62,0,0,0,0,0,0
"3","Calb2_tdTpositive_cell_3",0,491.78,0,0,0,84,0,0,0,169,711.11,0,0,25.27,0,0,170.99,132,0,0,0,9.54,653,0,48,0,0,0,0,0,1,0,6,67,133.35,0,111.94,0,0,314.19,0,193,0,865.89,0,0,0,0,0,0,235,3,0,0,0,0,0,1689.61,0,0,0,48,10.01,17.19,1,0,0,0,0,0,0,0,0,5,0,0,718,0,0,132,9.58,0,0,1126,0,0,567.91,0,0,0,0,0,0,0,0,0,0,0,0
"4","Calb2_tdTpositive_cell_4",0,1932,1,0,0,1662.18,0,0,0,1163.41,1746.17,0,0,878.63,1,593.99,258,6,2,27.38,0,17.11,1458.99,0,609,2609,0,0,0,0,42.06,0,0,867.84,671.41,0,0,224,1511,404.16,0,82,0,2872.34,0,0,0,0,997,0,0,0,0,67.45,0,0,0,1514.48,0,0,0,1,41.22,43.69,17,0,0,0,0,0,0,0,1.03,144.95,0,0,0,313.99,0,12,48.43,0,0,3322.7,50,2.91,24.32,0,2509.09,753.01,0,0,2749.42,0,0,0,0,0,317
"5","Calb2_tdTpositive_cell_5",0,1425,2,0,0,2825.15,0,0,0,1,826.96,0,1,1069.9,0,1,440,162.97,2,19.97,0,19.22,1971.66,0,6433.88,1535.8,0,0,0,0,0,0,0,58.44,0,0,4,2,1,9.42,1653,1112,0,7024.28,0,0,0,0,2,242.09,475,0,0,0,0,0,0,152,0,0,0,0,417.19,48.46,0,0,1.9,0,4.9,0,0,0,0,1324,0,0.22,1,0,0,0,30.51,823,0,4,0,2.08,133.5,3,2970.39,1,0,1,7282.92,0,0,0,0,0,0
"6","Calb2_tdTpositive_cell_6",0,130.03,3,0,0,3260.57,24,0,0,1,756.55,40,1402.99,87.23,0,0,796.89,221,2022.01,7.42,0,20.76,1255,0,313,924.92,0,0,0,0,277.89,0,0,731.96,316.9,0,319.59,180,3,7.52,1000,448,0,903.12,658,0,0,0,2,129.34,908.87,8,0,0,0,105,0,895.03,0,0,0,0,137.58,49.42,0,0,4,0,2375.73,0,0,0,49.24,2,0,0,3194,0,0,1,681.04,0,0,1318,0,4.06,97.74,7,2,1251.8,0,0,331.49,0,0,162.09,0,0,0
"7","Calb2_tdTpositive_cell_7",0,2110.02,3040.99,0,17.03,1845.39,88.06,0,0,1808.58,943.66,0,8.93,0,13.86,273,168,725.09,262,23.56,0,874.92,1,0,2,1536.92,0,0,1.07,0,4.01,0,0,99,217.24,0,1234.33,0,0,2367.92,936,838.37,0,4601,1,0,0,12,1,2.96,347.92,87.01,0,0,0,0,0,1593,0,0,0,0,54.84,772.95,0,0,0,0,5.44,0,0,0,481.98,0,0,0,2410,1,0,1,76.67,125,0,1861.01,0,1.4,356.3,3,9,1530.08,0,0,7639.99,0,0,46,0,0,28
"8","Calb2_tdTpositive_cell_8",0,955,101,0,0,2091.06,0,0,0,791.36,290.86,0,555,167.82,0,136,273.99,147,0,5.54,0,18.59,857.9,0,1217.01,885.78,0,0,0,0,134.7,0,0,275,607.92,0,512.36,140,600.37,0,519,394,140,1615.89,1125.98,0,0,1,378.97,0,1975.26,0,445,0,0,0,0,68,0,746.74,0,0,13.39,31.26,0,0,0,0,884.14,0,0,0,824,0,0,0,1099.06,150,0,347,34.01,0,0,2782.88,0,4.19,4865.38,425,1827.2,90.21,0,0,1322.99,0,0,1398,0,0,0
"9","Calb2_tdTpositive_cell_9",0,326,0,0,0,349,0,0,0,0,377.77,0,0,0.34,1,0,165.99,234,20,32.84,0,17.18,485.87,0,53,522.24,0,0,0,0,0,0,0,264,96.65,0,363.92,28.99,0,0,0,605,219.01,2398.97,456,0,0,24,332.01,3.04,1599.22,0,0,297,0,0,0,0,0,0,0,0,21.54,30.47,0,0,1.94,0,677.13,0,0,379,403,374,0,0,1,272,0,0,14.55,62,0,751,0,1.93,38.88,250,0,545.04,0,0,308.79,0,134,0,0,0,83
"10","Calb2_tdTpositive_cell_10",0,933,1042,0,0,1947.01,745.99,0,0,1841.62,2263.99,0,1331.8,17.18,8,470.99,682.98,399,722.99,86.9,0,69.07,1380.01,0,1357.27,2747.96,0,0,0,0,1.01,0,0,453.9,659.4,0,602.18,413,1928.77,0,128,1906.99,162,7271.09,2,0,0,9,1369,1.01,1059.98,43,494,265,0,0,0,1229.19,0,0,0,0,720.19,247.69,0,0,3.56,656.83,837.73,0,0,0,0,237.99,0,0,956.98,87.87,0,314.93,129.27,2,0,4321,0,1539.45,1204.85,1491.87,95,182.06,0,0,872.54,0,477,0,0,0,1
"11","Calb2_tdTpositive_cell_11",0,296,0,0,0,478,1,0,0,308.3,157.04,0,0,185.67,372.19,72,283,0,283,1.36,0,3.68,80,0,456,246,0,0,0,0,0,0,0,80,8.06,0,159,242,0,104.51,0,859,0,1152,0,0,0,9,2,226.41,0,0,0,0,0,0,0,0,0,0,0,0,15.56,5.17,0,0,0,80,0,0,0,0,0,0,0,0,27,0,0,8,7.4,0,0,900,0,1.02,389.02,104,0,239,0,0,261.92,0,0,0,0,0,0
"12","Calb2_tdTpositive_cell_12",0,31,200,0,0,984,0,0,0,36,171.32,0,299,188.65,1518,79.98,45,189.99,381,18.38,0,203.82,0,0,314,927.07,0,0,0,0,1,0,0,183,98.67,0,616.75,82,0,0,488,518.47,114,1138.02,323,0,0,56,12.62,0,490.82,0,0,0,0,0,0,168,0,0,0,0,24.34,24.11,0,0,1.29,0,459.73,0,0,0,244,0,58,0,487,137,0,36,21.01,0,0,397,0,3.92,376.45,478,315,361.42,0,10.14,371,0,0,0,0,0,197
"13","Calb2_tdTpositive_cell_13",0,970.35,0,0,3,343.79,1156,0,0,1677.5,1115.73,0,174.25,0,352.02,0,389.01,494.82,2002.32,195.6,0,25.21,2,0,2720.82,2792.05,0,0,0,0,0,0,0,411,291.93,0,353.05,206,0,249.01,0,132,1,3309.9,1,0,0,0,9,0,300.01,0,838.18,2,0,0,0,2987.31,167.44,0,0,0,79.82,16.81,3.11,0,0,1,867.52,0,0,0,1,0,339.94,0,0,0,1367,1,66.68,552.43,0,3715.55,0,1,58.92,425,224.05,187.99,0,0,6829.72,0,0,0,0,0,400.99
"14","Calb2_tdTpositive_cell_14",0,594,354.97,0,227.99,2046.95,4,0,0,1224.92,959.83,0,10,780.87,1,200,396.98,214.36,1,7.53,0,118.39,182,0,1160.51,1573.95,0,0,0,139.76,1.12,0,7,138.25,112.74,0,179.68,16,0,0,907,853.01,54,6152.22,458,0,1,0,10,0,856.62,1123.01,0,1186.47,0,0,0,582,0,0,0,0,42.16,53.8,0,0,0.85,1,1920.6,0,843.89,0,596,363.23,0,0,287,2,0,70,43.37,128.35,0,3823.03,0,6.31,3570.47,687.88,1,331.84,0,0,2946.1,0,488.96,0,0,0,0
"15","Calb2_tdTpositive_cell_15",0,2290.1,3294.23,0,0,1716.06,0,0,0,1035.24,2952.27,0,1,1108.72,0,0,1,1,3,66.51,0,53.44,0,0,3,4975.19,0,0,2.04,0,2.99,0,0,469,117.37,0,749.84,6.99,0,4.08,34,0,1681.8,4559.07,62,0,0,0,14.34,0,0,1,1,0,0,0,0,1811.26,0,0,0,0,35.59,88.94,0,0,0,1,1578.99,0,0,0,0,1,0,0,0,0,0,1,42.31,932,0,2,0,0,42.52,1,3424.25,0,0,72.07,5320.29,0,0,0,0,0,158
"16","Calb2_tdTpositive_cell_16",0,29,1,0,0,0,41.63,0,0,1154.74,4046.46,0,3374.27,499.2,1,1384.71,590.42,45,3523.14,5.55,0,45.18,5215.34,0,110.99,2173.02,0,0,0,0,2.25,0,0,581.18,0,0,3.21,478,0,2.49,0,705.8,0,5075.76,0,0,1,0,0,0,1643.5,0,4030.01,0,0,0,0,194,0,0,0,877.61,31.31,153.01,39.42,0,1,0,1.42,0,0,0,0,0,1,0,0,964.76,0,73.55,51.65,0,0,2,0,3.79,2573.67,1100,3907,1.09,0,0,2,0,0,0,0,0,0
"17","Calb2_tdTpositive_cell_17",0,373,539.96,0,0,1181,0,0,0,369.51,1057.87,0,888.3,168,8,263,109,316.47,252,6.95,0,7.79,471.22,0,199,1844.98,0,0,0,0,3.96,0,0,121,124.63,0,775,145,0,773,0,93,0,2435,185,0,0,0,99.03,0,0,0,0,0,0,0,0,1,0,0,0,113,27.28,31.68,0,0,0,0,2.69,0,0,0,127,0,0,0,0,36.85,0,0,14.44,0,0,755,0,4.74,10.72,353,1347,0,0,0,2465.94,0,0,0,0,0,0
"18","Calb2_tdTpositive_cell_18",0,462,197,0,0,0,0,0,0,0,1,0,1,1.68,0,0,35,0,0,17.25,0,24.02,0,0,0,0,0,0,0,0,1.14,0,0,0,195.43,0,245.85,174,0,0,0,639,0,272,0,0,0,0,0,1.82,0,0,749,0,0,0,0,0,0,0,0,0,28.3,36.4,0,0,0,0,1.74,0,0,0,0,0,0,0,350.38,170,0,0,7.83,655,0,1071.97,0,19.03,10.22,13,0,0,0,0,1341.75,0,0,0,0,0,0
"19","Calb2_tdTpositive_cell_19",0,516,96,0,498,0,0,0,0,295.29,679.53,0,900.57,15.17,0,200,182.22,938,0,3.28,0,44.8,341,0,316,1642.81,0,0,0,0,0,0,0,182.63,287.18,0,205,0,0,0,630,137,10,0,421,0,0,10,1.97,0,238,0,565,0,0,0,0,57,0,0,0,0,38.63,24.17,0,0,0,0,0.67,0,0,0,95,0,0,0,0,0,0,2,17.32,0,0,899,0,0,30.46,203,990.65,0,0,31,0,0,0,0,0,0,251.03
"20","Calb2_tdTpositive_cell_20",0,1019.04,0,0,0,477.09,0,0,0,0,736.27,0,0,0,0,211,106,472,928,7.74,0,17.29,114,0,2,837,0,0,0,0,2,0,0,291,63.34,0,210.83,309,446,51.33,38,0,0,1546,0,0,0,0,547,0,0,0,0,0,0,0,0,0,0,0,0,0,806.51,583.77,0,0,0,0,270.81,0,0,0,0,55,0,0,311,0,0,0,37.27,649,0,424,0,1.03,24.72,123.99,830,0,0,0,134,0,0,0,0,0,0
"21","Calb2_tdTpositive_cell_21",0,455,0,0,0,1,0,0,0,483.85,0,0,0,225.98,442.01,180,223,8,0,19.01,0,21.61,586,0,0,1047.5,0,0,0,0,0,0,0,82,106.28,0,410.3,0,496,188.23,0,1,0,731,0,0,0,0,10.46,0,0,521,429,0,0,0,0,832,0,0,0,215,106.97,24.14,90,0,0,0,0,0,0,0,0,0,0,0,0,0,0,0,16.6,0,0,1130.01,0,0,518.77,216,686,242,0,0,885.96,0,0,0,0,0,0
"22","Calb2_tdTpositive_cell_22",0,532,0,0,17,516.91,205,0,0,266,1002.94,0,488,8.53,0,167,229.05,8,1237,10.39,0,9.52,1231.01,0,143,1361.99,0,0,0,0,0,0,0,125,127.52,0,214.6,67,0,535.69,0,0,0,2471,10,0,0,2,285,1.04,94,0,0,0,0,0,0,0,0,0,0,2,19.65,4.13,0,0,0,0,0,0,0,0,0,272,94,0,284,18,0,184,1.08,0,0,508,0,4,28.62,274,0,393,0,0,564,0,0,0,0,0,10
"23","Calb2_tdTpositive_cell_23",0,0,994,0,0,2.01,0,0,0,0,608.72,0,0,0,0,0,189.43,0,14,14.64,0,12.69,0,0,0,191,0,0,0,0,0,0,0,138.98,91.44,0,6.02,67,758.92,3,117,0,0,1477.04,0,0,0,0,0,2.37,353,0,0,0,0,0,0,0,0,0,0,0,28.19,16.8,0,0,1,0,432.67,0,0,0,0,0,0,0,0,0,0,0,11.08,0,0,532,0,8.08,22.74,0,614.23,57.14,0,0,762.92,0,204,0,0,0,0
"24","Calb2_tdTpositive_cell_24",0,949,0,0,0,456,118,0,0,0,309.52,0,0,161.95,0,0,145,240,442.99,12.43,0,11.59,811,0,234,0,0,0,0,0,0,0,0,0,142.23,0,167,122,0,90.96,0,250,0,2259,0,0,0,0,0,0,0,0,548,0,0,0,0,0,0,0,0,0,20.22,16.16,0,0,0,0,433.49,0,36,0,0,0,0,0,0,0,0,0,8.35,0,0,0,0,4,1.57,538,888,0,0,172.14,49,0,0,0,0,0,223.01
"25","Calb2_tdTpositive_cell_25",0,1115,0,0,0,1237.29,0,0,0,0,416.25,0,0,8.22,0,21,219,0,0,21.9,0,101.86,1,0,1,678.97,0,0,0,0,0,0,0,0,157.21,0,147.67,0,97,0,736,0,0,1002,0,0,0,0,0,0,0,0,0,0,0,0,0,1075.97,0,0,0,0,34.44,10.32,0,0,1,0,1133.9,0,0,0,0,661,0,0,0,99,0,0,18.79,0,0,0,0,0,168.58,0,0,0,0,0,1222.98,0,0,0,0,0,0
"26","Calb2_tdTpositive_cell_26",0,0,500,0,0,0,0,0,0,315.32,609.09,0,0,407.29,72,0,70,572,2028,5.3,0,450.28,0,0,0,0,0,0,0,0,1,0,0,130,500.7,0,188,107,249,0,0,0,0,1710.02,442.22,0,9,0,794.99,0,0,9,506,698,0,0,0,0,0,0,0,0,1060.97,14.66,1,0,0,0,0,0,0,0,148,0,0,0,8,0,0,0,9.56,132,0,501,0,508.06,23.32,90,654.7,0,0,0,0,0,0,0,0,0,0
"27","Calb2_tdTpositive_cell_27",0,0,1181.08,0,0,0,0,0,0,401,422.01,0,0,2.68,0,0,767,375.45,0,2.2,0,3.03,524,0,0,0,0,0,0,0,0,0,0,0,0,0,235,0,0,0,0,0,0,1928.73,0,0,0,0,2,0,0,740,0,0,0,0,0,1193,0,0,0,0,38.84,19.7,0,0,0,0,1287.16,0,0,0,0,0,0,0,0,0,0,59,32.23,0,0,1174,0,2.02,34.73,10,0,0,0,0,1915,0,0,0,0,0,0
"28","Calb2_tdTpositive_cell_28",0,0,528,0,0,1293,0,0,0,247,358.46,0,102.95,0,0,539.99,113,0,0,3.99,0,7.18,0,0,665,649.86,0,0,0,0,4,11,0,159,72.63,0,0,0,1875,0,0,0,0,2023.1,0,0,0,0,241,0,0,0,0,0,0,0,0,35,0,0,0,886,57.69,6.71,0,14,0.98,0,611.88,0,0,235,488.92,0,0,0,0,222,0,0,13.17,25,0,645,0,2.71,975.83,162,1495,0,0,0,0,988.61,136,0,0,0,0
"29","Calb2_tdTpositive_cell_29",0,117,0,0,0,266,0,0,0,0,226.53,0,732,58.4,0,0,239.99,1,0,11.61,0,8.29,510.98,0,351,148,0,0,0,0,0,0,0,1,55.48,0,0,0,105,137.58,447,2,0,1800,0,0,0,0,0,0,163,0,0,0,0,0,0,7,0,0,0,0,77.37,21.55,0,0,0,0,1.02,0,0,193,0,0,0,0,0,10,0,0,22.95,464.01,0,0,0,448,548.77,158,1255,284.01,0,0,655.97,0,0,0,0,0,191
"30","Calb2_tdTpositive_cell_30",0,796,322,0,34,252,195,0,0,0,497.36,0,229.98,16.92,0,0,78,106,546,46.16,0,9.63,83,0,774,1079,0,0,0,0,1,0,0,44.48,76.43,0,235,0,30,0,1,98,49,527.23,210,0,0,175,623.03,0,0,7,0,121.65,0,0,0,406,0,158,0,0,59.26,34.21,0,0,0.59,0,51.94,0,0,0,5,51,0,0,31.56,0,0,158,26.03,24,428.23,822.45,0,258.42,671.8,244,71,0,0,1,646.98,0,64,0,0,0,935
"31","Calb2_tdTpositive_cell_31",0,0,588,0,0,736.13,0,0,0,232.52,226.77,0,0,115.53,0,0,0,0,1806,3.79,0,19.29,1634.67,0,706,1145.35,0,0,0,0,8.25,0,121,255,101.77,0,139,56,0,1917.12,0,342,17,1385,307,0,0,0,0,0,253,178,0,0,0,0,0,0,0,0,0,0,121.18,3.21,0,0,1.99,0,4.13,0,0,0,464.01,0,0,0,480.84,0,0,0,11.18,0,0,688,0,1.02,15.44,0,802,63.55,0,0,0,0,0,0,0,0,15
"32","Calb2_tdTpositive_cell_32",0,479,0,0,7,246,0,0,0,0,548.88,0,0,19.57,0,444,195,329,0,6.32,0,22.11,242,0,230.08,917.05,0,0,0,0,0,0,8,178,321.26,0,336.11,141,527.39,707.2,0,16,0,1894,0,0,0,0,0,0,165,0,0,0,0,0,0,39,0,0,0,0,107.79,9.39,0,0,0,0,326.51,0,0,0,0,0,0,0,0,0,0,351,9.24,0,0,2174.11,0,3.3,151.82,19,0,0,0,0,0,0,0,0,0,0,232
"33","Calb2_tdTpositive_cell_33",9,471,50,0,0,166,159,0,0,0,205.06,0,160.02,8.55,379,211,48,27,356,78.74,0,7.53,606,0,252.95,94.66,0,0,0,0,6.37,0,0,52,22.59,0,64,0,0,0,182.97,333,16,1052,0,0,0,4,110,22.22,69.01,133,0,0,0,0,0,672,0,0,0,0,7.12,23.06,1,0,4,259,1.44,0,0,0,0,0,0,0,480,63,0,60,165.96,0,1,999,0,221.02,481.15,170,877.8,1.02,0,0,403.98,0,0,33,0,0,1
"34","Calb2_tdTpositive_cell_34",0,412,794,0,0,1133,0,0,0,524.45,1598.45,0,0,179.02,625,0,143,562,0,14.86,0,22.65,0,0,215,638.93,0,0,0,0,0,0,0,167,199.35,0,321.91,121,0,365.32,0,62.14,0,3737.49,0,0,0,7,0,0,0,0,908,100.55,0,0,0,13.99,0,0,0,0,41.69,9.07,0,0,1.05,0,0,0,0,0,0,0,0,0,252.05,0,0,0,368.71,0,0,639,0,2.84,1619.78,589,748,0,0,0,0,0,0,0,0,0,0
"35","Calb2_tdTpositive_cell_35",0,0,0,0,412,405,0,0,0,442.25,253.02,0,0,15.98,6,14,0,0,0,1.79,0,19.76,0,0,1000,279,0,0,0,98,0,0,0,257.11,135.26,0,18,189,0,0,0,9,0,1742,2,0,0,0,0,5.8,175,0,458,0,0,0,0,0,0,0,0,0,17.06,17.64,0,0,0,0,0.57,0,0,0,19,0,0,0,0,0,0,27,14.59,0,0,689,0,1.45,884.01,0,23.21,25,0,0,561.98,0,0,0,0,0,0
"36","Calb2_tdTpositive_cell_36",0,0,0,0,811,0,0,0,0,563,581.57,0,776.36,356.67,0,2,0,262.94,2206,13.98,0,19.64,0,0,243,237,0,0,0,0,1,0,0,0,300.06,0,186.8,122,0,227.8,321,0,1,2132.2,385,0,0,0,650,0,104,0,0,0,0,0,0,331.9,0,0,0,0,22.25,18.6,499,0,0,0,0.54,0,1,0,379.99,0,0,0,345,0,0,0,44.48,486,0,0,0,0.25,572.05,0,0,0,0,0,2234.34,0,0,0,0,0,611
"37","Calb2_tdTpositive_cell_37",0,0,435,0,834.05,932,0,0,0,273.47,1410.79,0,0,5.69,0,172.69,15,0,933,8.86,0,18.29,1,0,393,1043.85,0,0,0,0,0,0,0,164.07,165.49,0,0,346.28,0,0,0,416,0,1171,332.98,0,0,0,303,0,0,0,0,13,0,0,0,0,0,0,0,0,9.98,19.32,2.29,0,1.82,0,0,0,0,0,13.89,0,0,0,0,0,0,18,12.34,358,0,0,0,1,635.39,203,0,0,0,0,1413.94,0,0,0,0,0,132
"38","Calb2_tdTpositive_cell_38",0,0,0,0,0,597,0,0,0,0,1673.02,0,978,0,0,335.09,771.09,1,1522,13.92,0,9.36,0,0,114,616,0,0,0,0,0,0,0,233,202.77,0,342.26,607,0,55,0,587,0,2538,446,0,0,0,1056,0,0,4,0,1,0,5,0,0,0,0,0,0,34.25,36.74,0,0,0,0,1,0,0,0,0,684,0,0,0,0,0,0,12.41,511.49,0,0,0,0,45.91,251,1085.71,346.06,0,0,9.04,0,0,0,0,0,0
"39","Calb2_tdTpositive_cell_39",0,0,0,0,454,335,0,0,0,0,161.74,0,2,3.54,400,223,64,0,0,13.43,0,13.83,378,0,405,329,0,0,0,2,0,0,0,283.95,216.19,0,302.93,65,686,0,906.61,373.17,0,995.01,433,0,0,0,1,0,591,0,0,0,0,0,0,42,0,0,0,0,20.63,33.89,0,0,0,0,6.93,0,0,0,36,19,0,0,151,281,0,107,28.2,0,0,0,0,35.07,318.14,268,0,177,0,0,44,0,0,0,0,0,0
"40","Calb2_tdTpositive_cell_40",0,308,0,0,1675,788,0,0,0,0,193.05,0,0,2.05,53.88,0,242,64,116,16.44,0,1,1,0,0,631,0,0,0,0,0,0,0,629.46,80.9,0,1137,0,0,1542.26,0,0,0,1095,0,0,0,0,3,0,0,0,0,3,0,1,0,2140.66,0,54,0,0,13.03,12.04,0,0,0,1179.76,0,0,0,0,0,0,0,0,0,0,0,0,0,0,0,0,0,3.15,11.54,0,0,0,0,0,0,0,0,0,0,0,0
"41","Calb2_tdTpositive_cell_41",0,732,0,0,1,424.99,0,0,0,0,499.13,0,0.63,2.82,640,3,225,0,0,10.25,0,20.58,0,0,213,0,0,0,0,0,1.01,0,0,283.97,109.43,0,0,61,0,865.59,0,227,3,818,0,0,0,114.97,204,0,16,0,427,0,0,0,0,1,0,0,0,0,42.67,16.66,168.86,0,1.99,0,0,0,0,0,46,0,0,0,538.03,0,0,16,9.33,0,0,518,0,0,658.29,0,0,0,0,0,0,0,0,0,0,0,209
"42","Calb2_tdTpositive_cell_42",0,450,0,0,0,348,0,0,0,112.12,286,0,0,28.44,104,111,347.83,0,466,18.59,0,11.34,612,0,180,452.22,0,0,0,0,42,0,0,268.05,44.93,0,41.54,0,0,265.44,272,62,0,2243.95,177,0,0,0,1,0,920,0,0,17,0,0,0,234,0,0,0,0,71.62,37.32,84,0,0,0,179.76,0,0,0,0,0,33,0,295,94,0,55,18.45,1,0,161.91,0,53.01,221.47,221,11,10.11,0,0,292,0,0,275,0,0,0
"43","Calb2_tdTpositive_cell_43",0,962.51,0,0,0,586,299,0,0,114.12,329.3,0,331,548.71,0,286.24,110,203,20,7.3,0,14.09,577,0,245,1,0,0,0,0,0,0,0,0,147.81,0,131,0,0,0,0,321,0,486,0,0,0,2,0,0,0,0,0,0,0,0,0,28.96,0,0,0,0,42.68,13.13,0,0,0,87,3.46,0,33,0,0,0,0,0,7.08,0,0,0,19.01,448.34,0,680,0,61.61,1901.94,359,780,238.89,0,0,661.99,0,0,0,0,0,0
"44","Calb2_tdTpositive_cell_44",0,27,1040,0,0,630,0,0,0,0,980.36,0,0,0,993,323,184,215,0,28.36,0,46.82,0,0,618.98,1097.98,0,0,0,0,0.72,0,0,0,0,0,538.27,115,0,1.16,0,18,0,125.03,0,0,0,0,0,0,0,0,0,0,0,0,0,2028,1,0,0,0,34.54,279.82,0,0,0,0,391.29,0,0,0,302.03,0,0,1.03,0,0,0,0,26.55,0,0,1101.98,0,0,711.78,455.8,757,0,0,0,2220.99,0,0,0,0,0,103
"45","Calb2_tdTpositive_cell_45",0,288,0,0,0,966,0,0,0,170.23,165.02,0,75,30.89,18,0,329.93,0,0,8.4,0,24.24,314,0,0,610.98,0,0,0,0,0,0,0,1,96.65,0,1.06,76,357,1140.44,0,182,0,1456,637,0,0,0,0,0,232,1,324,15,0,0,0,341,0,124,0,0,119.81,56.6,0,0,0,0,0,0,0,140,0,326,0,0,1295.08,42,0,0,11.46,0,0,0,0,2.02,130.59,343,0,0,0,1,120,0,0,0,0,0,0
"46","Calb2_tdTpositive_cell_46",0,427,0,0,0,0,0,0,0,382.28,991.23,0,55,500.62,1,0,0,288,0,7.23,0,11.42,1597,0,34,638.01,0,0,0,0,1.02,0,160,0,0,0,0,147,0,317.32,393,0,0,488,356.06,0,0,2,22,0,0,0,0,0,0,0,0,0,0,0,0,0,60.25,17.59,0,0,0,0,5.79,0,0,1,0,0,0,1,252.76,0,0,0,27.03,0,0,0,0,0,199.8,0,1,0,0,0,229.01,0,480.71,0,0,0,691
"47","Calb2_tdTpositive_cell_47",0,326,0,0,0,128,285,0,0,0,430.74,0,0,4.62,21.99,366,222,0,967.91,4.28,0,27.52,0,0,0,10.86,0,0,0,0,0,0,0,0,0,0,234.87,291.99,0,0,0,0,17,1644,0,0,0,0,0,0,680.01,0,0,0,0,0,0,2324,0,0,0,0,30.61,11.67,0,0,1,0,324.93,0,0,26,0,0,0,0,0,0,0,249,12.95,1,0,815,0,2,33.98,296,1531,0,0,0,105.91,0,0,0,0,0,1
"48","Calb2_tdTpositive_cell_48",0,0,0,0,1,26,0,0,0,465,0.7,0,1334.17,386.15,0,0,0,0,0,8,0,5.84,1901.96,0,213.97,1,0,0,0,0,0,0,0,0,343.27,0,0,296,0,0,0,0,0,2754.02,0,0,0,0,0,0,0,0,0,0,0,0,0,0,668.17,0,0,0,54.13,19.57,0,0,1,0,7.86,0,0,0,0,0,0,0,0,0,0,0,71.89,0,0,0,0,4.24,22.83,535,0,0,0,0,0,0,666,0,0,0,0
"49","Calb2_tdTpositive_cell_49",0,328.04,110,0,0,730,0,0,0,1,259.93,0,0,277.22,54,17,90,90,0,25.12,0,20.86,0,0,859.7,625.88,0,0,0,0,0,0,0,19.38,81.28,0,150,318,0,821.13,0,82,0,1114,312,0,0,0,164,0,146.99,0,356,0,0,0,0,658,103,0,0,29,9.36,14.2,31.54,0,0,0,1.13,0,0,0,255.11,0,0,0,266,0,0,242,23.5,0,0,900.62,0,127.13,732.56,143,2,54,0,12.44,220,0,0,11,0,0,3
"50","Calb2_tdTpositive_cell_50",0,1013.63,0,0,46.07,506,0,0,0,646,318.03,0,891.07,101,0,0,398.96,485.09,0,4.13,0,17.83,467,0,0,377.46,0,0,0,0,0,0,0,1,0,0,215,1,0,1.95,0,0,0,857,0,0,0,0,0,0,0,0,0,0,0,0,0,134,0,0,0,0,22.27,8.35,106.36,0,6.23,0,0,0,0,0,0,0,0,0,2,0,0,109,37.6,0,0,979,0,0,633.64,0,2854.09,0,0,0,0,0,0,0,0,0,0
"51","Calb2_tdTpositive_cell_51",0,0,520,0,0,661.55,0,0,0,217.99,167.28,0,348.89,0,6,191.01,35,0,0,11.3,0,7.66,0,0,317,651.02,0,0,0,0,2,0,0,132,34.03,0,256.89,197,0,0,0,65,0,805,0,0,0,0,0,0,327,346,0,0,0,0,0,2,0,0,0,46,45.09,15.21,0,0,5.93,0,82.13,0,0,0,1,54,0,0,48,0,0,286,26.32,0,0,148,0,2.05,69.74,138,404,0,0,0,330.91,0,0,0,0,0,36.98
"52","Calb2_tdTpositive_cell_52",0,0,73,0,0,290,0,0,0,0,3.81,0,0,296.01,6,0,109,51,335,18.78,0,21.31,0,0,1998,1181.78,0,0,0.9,0,0,0,0,198.94,364.64,0,415,0,0,0,1309,922,0,975.21,162.82,0,0,0,799,0,0,0,552,20,0,0,0,48,0,0,0,0,913.02,28.01,0,0,0,0,0.97,0,0,0,0,701,0,0,0,214.95,0,268,2.09,0,0,762,0,0,781.33,250,529,0,0,0,0,0,0,0,0,0,232.15
"53","Calb2_tdTpositive_cell_53",0,1109,0,0,0,561,0,0,0,533,722.72,0,0,0,0,308,317.98,0,0,4.03,0,2.33,3370.88,0,0,2683,0,0,0,0,0,0,0,0,242.11,0,430,0,0,0,0,0,70,5655.22,0,0,0,0,0,0,0,0,1202,0,0,0,0,0,0,0,0,1941.83,22.9,16.5,0,0,0,0,0,0,0,0,0,0,0,0,0,551.25,0,0,49.63,0,0,0,0,6.25,78.19,0,1908,0,0,0,0,0,0,0,0,0,6.7
"54","Calb2_tdTpositive_cell_54",0,0,0,0,0,0,0,0,0,0,298,0,0,249.98,0,0,276,0,0,2.49,0,19.95,0,0,850,516,0,0,0,0,0,0,0,377.64,2.4,0,313.78,687,0,79,0,19,0,767,0,0,0,0,19,0,0,0,0,0,0,0,0,0,0,0,0,0,8.86,24.42,0,0,1,762.78,1.81,0,0,0,0,0,0,0,0,0,0,0,2.14,0,0,1417,0,0,21.11,261,751,1.83,0,0,204,0,0,0,0,0,0
"55","Calb2_tdTpositive_cell_55",0,1654.01,0,0,0,1246.49,0,0,0,1306.44,1022.25,0,0,0.39,0,1171.3,191.01,247,0,8.64,0,1038.48,888,0,376.95,0,0,0,0,0,2.75,0,0,310,102.08,0,461.47,3,0,0,0,1,0,2567.9,5,0,0,0,0,0,0,0,0,0,0,0,0,801,0,0,0,0,141.4,42.2,0,0,0,0,0.42,0,0,0,0,965,0,0,0,0,0,26,19.15,0,0,0,0,111.55,33.36,664,0,0,0,0,2,0,0,0,0,0,0
"56","Calb2_tdTpositive_cell_56",0,76,542.82,0,0,0,290,0,0,0,441,0,31,0,0,2,277.12,218,0,3.85,0,15.1,1309,0,0,1704,0,0,0,0,0,0,0,0,22.7,0,0,223,238,733,0,1,0,774,0,0,0,0,0,0,0,0,0,1,0,3,0,0,0,0,0,0,797.58,25.45,0,0,0,0,0,0,0,0,0,0,0,0,0,0,0,0,11.87,0,0,493,0,256.3,31.77,206,0,91,0,0,474.98,0,0,0,0,0,0
"57","Calb2_tdTpositive_cell_57",0,0,0,0,0,462,450.69,0,0,269.57,231.27,0,0,128.03,0,563,215.99,0,0,3.63,0,19.3,529,0,0,1,0,0,0,0,1,0,0,153,250.47,0,527.91,392,0,0,0,6,0,24,0,0,0,242,0,0,0,0,0,0,0,0,0,562.3,0,0,0,286,76.72,34.12,0,0,0,0,0.56,0,0,0,0,0,0,0,0,0,0,226,21.02,0,0,728,0,0,361.59,207,964,0,0,111,0,0,0,0,0,0,0
"58","Calb2_tdTpositive_cell_58",0,0,0,0,8,0,0,0,0,430,1.05,83.17,1,1.77,0,0,354.57,0,0,1.02,0,13.35,0,0,930,0.44,0,0,0,0,0,0,0,0,0,0,0,108,0,0.83,0,349.95,0,0,557.75,0,0,0,753,0,0,0,0,0,0,0,0,0,0,0,0,0,29.03,10.73,1355,0,0,0,1.4,0,0,0,0,0,0,0,0,0,0,0,15.54,0,0,0,224,2.99,12.24,341,0,0,0,22.87,115,0,0,0,0,0,0
"59","Calb2_tdTpositive_cell_59",0,295,2,50.54,0,866,1,0,0,75,388,0,0,44.93,287,21,124,154,30,17.43,0,16.37,430,0,959,549,0,0,0,0,0,0,0,100,76.4,0,0,225,0,547.06,0,19,239.99,588,0,0,0,92.34,0,32,0,0,0,0,0,0,0,551,4,0,0,0,17.74,9.56,0,0,1.97,416.04,2.72,0,0,0,278,0,0,0,0,0,0,1,19.2,0,0,643,0,158.16,59.92,0,0,0,0,0,488.97,0,0,100,0,0,0
"60","Calb2_tdTpositive_cell_60",0,344,30,0,0,0,0,0,0,158,217.98,0,0,8.04,18,387,114,26,0,6.68,0,16.48,545,0,1725.96,402.44,0,0,0,0,0,0,0,0,55.4,0,102,0,0,0,5,357,0,1038,0,0,0,0,0,5.39,0,0,0,0,0,1,0,23,0,0,0,0,447.19,12.73,0,0,0,554,0.49,0,0,0,0,0,0,0,105,0,0,234,14.05,33,0,0,0,0,22.01,1,0,0,0,0,947.05,0,0,0,0,0,0
"61","Calb2_tdTpositive_cell_61",0,428,0,0,0,413,0,0,0,221.53,260.35,0,62,0,0,0,0,0,401,4.38,0,15.88,588,0,137,295.74,0,0,0,0,1,19,0,0,0,0,259.11,3,271,0,177,375,0,2641,300.99,0,0,0,0,0,0,0,315,0,0,0,0,7,0,0,0,434,14.51,8.34,0,0,0,0,3.4,0,0,201,53,0,0,0,0,0,0,0,4.52,0,76,0,0,230.66,1561.82,0,0,115,0,0,94,738,0,0,0,0,0
"62","Calb2_tdTpositive_cell_62",0,199,56,0,0,189,0,0,0,83,276.21,0,337.01,325.03,0,0,127.01,188,0,6.61,0,16.96,358.04,0,466,196.45,0,0,0,0,11.83,0,0,185,106.09,0,77,112,267,798.67,18,0,131,736,0,0,0,0,0,0,99.99,0,179.01,0,0,0,0,407.18,0,0,0,0,123.54,268.37,79,0,0,0,188.36,0,0,0,0,0,0,0,72.37,0,0,135,10.43,32,0,583.59,56,0,602.13,286,0,384,0,0,435.96,0,38,0,0,0,0
"63","Calb2_tdTpositive_cell_63",0,296,0,0,0,47,237.49,0,0,1,116.19,0,0,2.43,98,136,82,0,0,1.91,0,14.9,64,0,306,477.63,0,0,1.07,0,0,0,0,278.02,39.39,0,128.16,0,0,0,0,6,0,31,0,0,0,0,2,0,0,0,320,0,0,0,0,0,0,0,0,0,22.03,531.34,12,0,0.99,0,190.15,0,0,0,0,0,0,0,151.04,0,0,269,16.13,0,0,1009,0,1.96,11.01,119,0,45,0,86.95,1394.99,0,0,0,0,0,173.03
"64","Calb2_tdTpositive_cell_64",0,680,0,0,0,25.01,0,0,0,190,267.48,0,0,1,0,206,103.98,0,0,10.81,0,8,65,0,0,340,0,0,0,0,0,0,0,0,59.33,0,116,176,0,0,0,2,1,1433,0,0,0,0,644,0,0,0,0,0,0,0,0,178,0,0,0,653,23.42,20.44,0,0,1.99,0,0,0,0,0,0,0,0,0,497.29,0,0,0,8.17,0,0,2241.9,0,81.36,13.62,167,763,19,0,39.09,0,0,0,0,0,0,226.25
"65","Chat_tdTpositive_cell_1",0,0,0,0,0,1,5,0,0,333.04,328.05,0,0.79,1278.17,8,0,97,0,1255,6.7,0,20.45,0,0,890,1274.03,0,0,0,0,0,0,0,154,33.17,0,156,0,0,0,0,13,0,2016,0,0,0,0,0,0,0,0,0,0,0,0,0,1658,0,0,0,0,22.14,173.41,0,0,0,0,2.56,0,0,0,0,0,0,0,0,0,0,0,2.33,0,0,300,126,96.03,24.12,7,1749,0.93,0,0,0,0,0,0,0,0,0
"66","Chat_tdTpositive_cell_2",0,443,0,0,2,1149,0,0,0,479,499.48,0,0,2.15,0,183,98,341,0,8.38,0,29.22,0,0,310,463.08,0,0,8.14,0,0,0,0,0,96.62,0,0,258,509,657.68,556,25,0,11,7,0,0,0,0,0,281,0,0,0,0,0,0,0,0,0,0,0,12.25,16.01,0,0,1,619.95,1.01,0,0,0,18,0,156,0,100,0,0,24,28.48,0,0,32,0,0,30.72,0,0,26.02,0,0,0,0,0,0,0,0,0
"67","Chat_tdTpositive_cell_3",0,1457,0,0,0,1366,461,0,0,0,22.42,0,346.61,34.26,2,0,222,277,0,13.08,0,12.89,641,0,1009,1024.63,0,0,0,0,0,0,0,53,5.05,0,436.58,192,168,0,633,0,0,2860.94,0,0,0,0,0,0,0,0,0,607,0,0,0,0,0,0,0,1200,32.59,3.68,6.76,0,0,0,0,0,0,0,0,0,0,0,281.95,212,0,0,4.19,0,0,0,129,1.86,881.1,221,0,0,0,0,27.01,0,0,190,0,0,0
"68","Chat_tdTpositive_cell_4",0,4,12,0,0,713,0,0,0,200,688.47,0,657.95,26.4,49,0,78,614.01,0,10.79,0,31.58,0,0,2,896,0,0,0,0,0,0,0,240.04,0,0,0,60,0,0,0,5,0,34.02,0,0,0,0,1,5.35,0,0,0,0,0,0,0,0,0,0,0,0,27.49,11.72,0,0,0.99,0,1.96,0,0,0,0,0,0,0,0,109,11.06,21,17.06,0,0,943,0,76.04,23.41,166,675,0,0,0,914.98,0,0,0,0,0,23
"69","Chat_tdTpositive_cell_5",0,2.08,115,0,1014,1301,0,0,0,244,271.01,0,0,0,22,0,0,12,542,3.96,0,14.8,642,0,750,1052.14,0,0,0,0,4.19,0,0,325,40.4,0,290.93,95,169,723.09,0,20,359,2919,0,0,0,0,1,0,0,0,0,0,0,0,0,114,0,0,0,0,130.97,61.47,0,0,0,404,138.3,0,0,0,0,1,0,0,0,1,0,262,13.17,225,0,0,0,0,22.07,191,0,0,0,0,217.93,0,0,0,0,0,0
"70","Chat_tdTpositive_cell_6",0,2966,2,0,0,2381.52,0,0,0,74,411.99,0,1067.46,5.53,1710.64,567,0,386,1,6.16,0,34.26,1013,0,103,1,0,0,0,0,0,0,0,150.81,0,0,209,233,800.07,0,0,1233,0,1700,967,0,0,1,4,0,362,0,0,0,0,0,0,0,0,0,0,563.4,480.94,17.77,0,0,3,0,0,0,0,0,14,0,0,0,0,0,1293.97,0,24.21,0,0,14,201,0,1633.27,622,0,0,0,0,3,0,0,0,0,0,0
"71","Chrna2_tdTpositive_cell_1",0,414,1137,0,0,6,0,0,0,176.99,911.71,0,0,0.05,0,128,70,18,0,4.72,0,14.56,33,0,99,835,0,0,0,0,0,0,0,105,63.35,0,14.3,160,0,894,0,381,0,789,0,0,0,0,0,0,0,0,0,0,0,0,0,0,0,0,0,0,27.64,27.93,0,0,3.03,0,0,70,0,0,5,0,0,0,0,0,0,116,5.11,64,0,621,0,1,11.17,0,0,414.01,0,79,9,0,0,0,0,0,9
"72","Chrna2_tdTpositive_cell_2",0,900.02,0,0,0,0,0,0,0,77,422.58,0,0,299.04,498,0,96,126,0,3.69,0,13.97,0,0,171,647,0,0,0,0,6,0,0,0,18.17,0,212,0,455,0,0,824,0,108,0,0,0,0,0,0,0,101.97,0,0,0,71,0,0,0,0,0,0,5.95,15.22,697,0,0,0,158.04,0,0,0,364,569,0,0,0,0,0,163,29.87,123,0,0,0,1,426.49,157,0,0,0,0,117,0,0,0,0,0,0
"73","Chrna2_tdTpositive_cell_3",0,104,0,0,134,305,0,0,0,203.65,333.37,0,155.21,145.25,116.12,77,72,10,52,6.74,0,12.98,200,0,352,104,0,0,0,0,1,0,0,138,156.35,0,193.22,89,0,238.03,0,95,78.03,523.34,131,0,0,0,0,288,233,155,221,24,0,0,0,182,0,0,0,0,36.49,11.54,25,0,0,0,0,96,0,0,0,0,36,0,59,0,105,0,5.52,89,0,994,0,230.13,176.39,122,0,102.63,0,3,407,0,0,0,0,0,7
"74","Chrna2_tdTpositive_cell_4",0,555,229,0,0,79,19,0,0,417.56,212,0,11,52.07,115,133,115,60,0,2,0,14.57,0,0,0,80,0,0,1,0,0,0,0,59,30.49,0,167.21,34,30,69.03,0,185,0,290,0,0,0,44,52,0,26,3,137,39,0,0,0,24,12,0,0,26,7.37,6.11,181.02,0,0,0,11,0,0,0,0,189,0,0,0,0,0,196,11.99,254.09,0,345,0,107.22,177.64,218,622,72,0,0,0,0,0,0,0,0,146
"75","Chrna2_tdTpositive_cell_5",0,0,0,0,313,209,0,0,0,105,2.1,0,0,0,0,0,19,0,0,1.01,0,4.46,418.96,0,0,0,0,0,0,0,0,0,0,62,79.91,0,0,109,0,14.78,217,99,0,1822.99,0,0,0,0,0,0,90,0,0,0,0,0,0,0,0,0,119,10,325.34,13.88,0,0,0,0,0,0,0,0,0,0,0,0,0,19,0,0,18.36,0,0,56,0,0,15.29,412,0,213.01,0,0,135,0,0,67,0,0,0
"76","Chrna2_tdTpositive_cell_6",0,1,0,0,0,0,433,0,0,248.12,730.01,0,0,0.45,0,0,117,377,0,5.12,0,23.99,414,0,581,285,0,0,0,0,1.12,0,0,182,3.09,0,284.62,0,860.01,128.55,0,70,97,1777,344,0,0,0,1,0,2,26.94,371.08,0,0,0,0,0,10,56,0,0,77.7,0,0,0,0,437.99,1.17,0,0,0,0,0,0,0,505.06,0,0,104,13.82,0,0,1370.03,0,0,366.18,764,0,320.51,0,58.76,519,0,0,0,0,0,119
"77","Chrna2_tdTpositive_cell_7",0,296.74,0,0,0,430.8,0,0,0,0,385.01,0,0,1.57,544,0,58,128,0,0,0,11.7,0,0,0,625.01,0,0,0,0,0,0,0,94,68.86,0,0,196,0,739.03,0,72,0,1459,267,0,0,0,0,0,0,0,527.98,0,0,0,0,610,0,0,0,56,13.38,265.44,0,0,0,0,0.85,0,0,0,0,0,0,0,0,0,0,382.77,13.45,0,0,380,0,3.01,26.74,175,0,0.13,0,0,0,0,0,0,0,0,0
"78","Chrna2_tdTpositive_cell_8",0,1024.66,7,0,0,1174.21,0,0,0,371.73,338.19,0,0,9.46,0,504,114,0,0,3.68,0,41.4,485,0,28.97,454,0,0,0,0,0,0,0,171,0,0,8,86,604,1,407.08,9,0,1618.8,0,0,0,143,0,0,175,0,0,24,0,0,0,479,0,0,0,0,10.56,17.35,0,0,1,0,467.95,0,0,0,0,0,0,0,0,2,0,310,9.67,0,0,1354.74,0,0,20.84,0,834,0,0,0,681.99,0,0,0,0,0,696
"79","Chrna2_tdTpositive_cell_9",0,327,0,0,160,648,1,0,0,355.72,135.78,0,0,350.31,438,382,172,58,916,11.44,0,20.4,613,0,57,599,0,0,0,0,0,0,0,252.74,805.56,0,678.91,265,0,118.38,76,153,48,612,188,0,0,0,0,34.52,120,260.5,242,84,0,48,0,12,0,0,0,0,61.51,26.74,0,0,2,282.83,221.43,0,263,360,0,0,0,0,341,53,132,276,12.43,0,0,1544,0,0,309.97,265,443,6,0,0,349,0,0,0,0,0,0
"80","Chrna2_tdTpositive_cell_10",0,524.98,0,0,0,0,17.36,0,0,0,625.21,0,479.97,10.6,0,240,106,171,146,19.43,0,13.51,0,0,9,242.32,0,0,0,0,2.1,0,0,285,24.89,0,1,204,15.99,254.76,0,318,71,1055,0,0,0,0,0,0,133,1,0,0,0,0,0,421,0,0,0,0,26.09,19.3,0,0,0,0,33.22,0,0,0,292,0,0,0,0,0,0,286,4.59,302,0,0,0,1,12.1,164,1,0,0,0,505,0,0,0,0,0,0
"81","Chrna2_tdTpositive_cell_11",0,439,358,0,0,102,0,0,0,209.13,630.61,0,0,249.97,2,0,107,75.96,0,5.14,0,21.02,254,0,42,1490,0,0,0,16.02,0,0,0,77,184.86,0,65.85,42,288,65,1,138,0,622,0,0,0,0,346,0,0,0,170,105,0,0,0,554,0,147,0,0,60.43,104.79,0,0,0,0,108.1,0,0,0,222.66,190,0,0,0,103.81,1,0,3.13,0,0,66,0,1,492.41,330,363,0,0,0,468,0,0,0,0,0,0
"82","Chrna2_tdTpositive_cell_12",0,421,478,0,156,37,14,0,0,183.27,179.95,0,521,6.68,0,244,200,109,14.98,4.1,0,22.39,0,0,108,662,0,0,0,0,1.63,0,0,321,87.17,0,105.09,70,240,698.87,331,428,0,1720,0,0,0,176,122,483,0,0,0,0,0,0,0,126,0,291,0,0,6.29,16.92,4.03,0,0,0,1.23,0,503,9,0,0,0,0,0,0,0,0,11.84,147,0,249,0,0,674.02,132,0,38.98,0,0,776.99,0,0,528,0,0,155.93
"83","Chrna2_tdTpositive_cell_13",0,89,0,0,416,505.7,220,0,0,425.4,470.01,0,0.88,249.68,7,0,151,87,0,14.12,0,9.22,389,0,998,591.03,0,0,0,0,3,0,2,258,173.38,0,278.83,148,347,682,0,281,155,1299,307,0,0,21.99,374,50.24,0,160.93,0,0,0,0,0,0,43,0,0,0,63.9,6.86,51,0,0.68,0,473.1,0,0,0,0,0,0,0,175,0,481,212,6.87,0,0,1675,0,1.02,329.98,282,53.02,1,0,0,365,0,0,0,0,0,0
"84","Chrna2_tdTpositive_cell_14",0,5599.56,0,0,0,3,5.42,0,0,0,1.46,0,0,2363.37,0,0,399.64,99,0,1.08,0,30.26,200.61,0,954,5304.74,0,0,0,0,0.91,0,0,1208.48,482.78,0,1885.99,0,1726.75,0,917,24,0,933.86,0,0,0,0,19,130.12,1,0,2373.83,11,0,0,0,30.91,18,0,0,1,15.27,23.9,0,0,1.61,0,0,0,0,0,0,2646,0,0,1,0,0,70,1313.49,1,0,2013,0,0,98.89,0,0,1340,0,0,1023,0,0,0,0,0,55.91
"85","Chrna2_tdTpositive_cell_15",0,554.89,0,0,0,433.05,654,0,0,125.2,567.99,74,0,64.76,566.98,0,337.06,2,623,15.34,0,8.81,301.96,0,442,927.51,0,0,0.99,0,1.19,0,0,226.05,269.5,0,967.99,284,254.51,0,157,330.91,112.02,2676.62,0,0,0,36,3,0,42,259,0,128.01,0,0,0,368.32,0,0,0,0,127.23,29.5,54,0,1,0,418.75,0,0,0,222,0,0,0,19,129,14,182,265.3,0,0,1393.85,0,0,426.54,620,683,0,0,5,0,0,0,0,0,0,12
"86","Chrna2_tdTpositive_cell_16",0.97,589,0,0,0,1246,0,0,0,820.92,1848.05,0,104,399.62,99.99,335,691.58,175.69,79,8.48,0,18.76,1,0,2267.02,1572.9,0,0,0,0,0,0,0,364.04,259.03,0,1118.97,0,0,64.9,0,32,0,4748,0,0,0,0,0,981,272,0,423,271.14,0,0,0,112,0,2,0,0,285.48,7.43,0,0,0,0,0.95,0,0,0,1365.45,0,0,0,0,0,0,0,12.26,150,0,535,0,2.99,819.05,0,0,0,0,0,36.89,0,0,0,0,0,34
"87","Chrna2_tdTpositive_cell_17",0,639,391,0,0,117,282.91,0,0,384.83,158.41,0,0,5.17,519,0,332,44,0,6.04,0,13.09,35,0,811.95,496,0,0,0,1,1.77,0,0,193.88,43.69,0,340,76,525.01,0.94,0,20,0,3368.78,0,0,0,0,1,0,1,103,0,55,0,0,0,616,0,0,0,0,16.06,285.16,0,0,0,0,465.82,0,0,0,146,0,0,0,116,91,14,126,14.2,0,0,766,0,83.22,168.49,114,326,33.99,0,3.17,227.95,0,0,16,0,0,0
"88","Chrna2_tdTpositive_cell_18",0,303,1,0,0,158,0,0,0,116.23,179.12,0,719.92,45.46,124,142.8,71,3,0,25.69,0,7.9,303,0,409,1231.02,0,0,0,1,3.28,0,0,123,11.16,0,66.82,34,272,0,0,39,0,493,107,0,0,0,2,25.8,402,0,0,0,0,0,0,427,0,0,0,0,62.09,2.81,1,0,0,0,143.33,7,0,0,175,0,0,0,74,0,1,61,6.75,25,0,3,0,225.72,2.41,223,0,0,0,0,166.98,0,0,278,0,0,1
"89","Chrna2_tdTpositive_cell_19",0,210,1795,0,0,448,278.14,0,0,800.17,333.02,0,0,7.5,0,353,460.28,391,41,81.84,0,21.11,1154,0,1022,1670.05,0,0,0,0,1,0,0,12,534.26,0,876.18,194,0,5240.63,0,505,164,755,0,0,0,0,464,15.16,238,738.73,454,14,0,111,0,6,0,0,0,0,34.43,16.73,15,0,3.23,0,0,0,0,55.91,516,1043,0,0,2274.01,0,0,326.16,13.24,106,0,2693.93,0,0,993.88,648.93,0,0,0,33,0,0,1,0,0,0,0
"90","Chrna2_tdTpositive_cell_20",0,545,0,0,0,1454,0,0,0,0,273.7,0,9.01,389.14,326,0,209.98,1203,0,10.12,0,20.78,811,0,110,1941.93,0,0,0,0,0,0,0,237,122.16,0,0,265,0,929.79,0,332,0,2313,0,0,0,0,223.19,0,0,0,0,0,0,163.94,0,804,0,0,0,0,26.2,307.87,0,0,0,0,0,0,0,0,0,0,0,0,321.15,0,0,0,16.01,0,0,891,0,0,57.6,0,923.22,167.24,0,0,0,0,0,0,0,0,0
"91","Chrna2_tdTpositive_cell_21",0,1890.91,698.02,0,0,40,17,0,0,876.88,430.28,0,1.95,453.3,0,400,425.19,0,0,15.98,0,472.45,3979.98,0,734,2678.32,0,0,0,0,0,0,0,472.97,109.47,0,2,308,0,3.52,0,419,0,3290.05,0,0,0,103,1128,1674.56,368.86,1,0,0,0,0,0,1545.02,0,0,0,0,45.43,28.05,58,0,0,0,0,0,0,0,0,0,0,0,0,0,0,0,15.6,0,0,1847.83,0,0,738.33,299.86,1152,575.99,0,1,1716.94,0,352,0,0,0,0
"92","Chrna2_tdTpositive_cell_22",0,138.97,0,0,0,236.98,211,0,0,396.7,264.6,0,74,32.88,14,162.01,485.05,296,198,28.3,0,6.92,612.03,0,0,557.01,0,0,0,0,15,0,0,516.04,207.09,0,278.08,37,0,0,55,246,12,893,161,0,0,0,2,0,916.03,5,0,0,0,0,0,1251,0,0,0,261.8,41.12,30.69,38,0,0,380.95,146.15,0,0,0,60,0,0,0,1,55,0,0,13.76,67.01,0,1026.2,0,191.24,282.86,250,0,4,0,0,0,0,0,340,0,0,5
"93","Chrna2_tdTpositive_cell_23",0,368,1,0,0,5,0,0,0,113.27,368.15,0,397.99,135.13,8,298,283,83,455,63.22,0,15.33,82,0,303.01,697.95,0,0,0,0,0,0,0,137,167.64,0,150.92,66,1,479.01,0,155,302.61,495,0,0,0,0,0,0,36,154,0,94,0,0,0,511,0,0,0,0,53.22,22.38,0,0,0,0,398.89,0,0,0,5,0,99,0,358,10.95,0,230.02,12.7,148,0,1282,0,1.64,511.48,483.3,380,0,0,0,75,0,0,0,0,0,54
"94","Chrna2_tdTpositive_cell_24",0,362.04,0,0,34,593,0,0,0,71.13,702.84,0,1,18.44,106.23,254.36,265.9,791.03,0,6.75,0,9.21,0,0,107,782.58,0,0,0,0,3.81,0,0,1022,89.05,0,139,223,224,0,0,236,243.02,1555,0,0,0,155,138,0,535,6,284,0,0,0,0,276,0,0,0,0,22.35,206.6,22,0,0,0,8.98,0,0,0,0,0,1,0,0,0,0,24.09,258.2,76.06,0,2308.77,0,1.06,355.04,160,0,0,0,0,91,0,0,402,0,0,44
"95","Chrna2_tdTpositive_cell_25",0,483,0,0,4,0,520.27,0,0,917.77,585.16,0,0,101.67,114.01,108.01,169.15,178,0,7.52,0,5.58,0,0,385.41,517.02,0,0,0,0,12.27,0,0,50,0,0,122.95,684,0,194.8,0,151.99,0,2810.99,0,0,0,0,3,0,0,0,0,1,0,0,0,2021,0,36,0,598,332.17,18.98,0,0,0,0,0,0,0,0,0,0,0,0,274.02,135,0,0,5.13,0,0,1751.4,0,1.23,125.61,203,0,392.1,0,0,501,0,0,0,0,0,1
"96","Chrna2_tdTpositive_cell_26",0,1306.63,1,0,0,960.7,350.64,0,0,1045.81,1566.74,0,0,12.62,3,538,534.94,433,472,32.44,0,34.07,398,0,0,291,0,0,0,1,0,0,0,0,173.99,0,409.19,1095,0,5,0,7,0,4214.2,0,0,0,0,0,0,21,0,0,0,0,125,0,0,0,0,0,0,17.64,67.33,0,0,0,254.01,1156.4,0,0,0,0,0,0,0,0,0,0,13.02,22.68,0,0,1260,0,1.75,479.5,364.05,0,382.07,0,54.52,323,0,0,0,0,0,645
"97","Chrna2_tdTpositive_cell_27",0,594,0,0,573.99,232,313,0,0,213.29,290,0,0,174,0,0,136.49,85,0,3.45,0,11.35,0,0,1,781,0,0,0,0,1,0,0,39,18.84,0,0,7,0,59.68,0,32.99,122,2117,130,0,0,88.32,89,0,0,11.02,354,143,0,0,0,4,0,0,0,0,8.87,3.02,0,0,1,0,0.2,0,0,0,0,0,0,0,1,0,0,0,8.38,0,0,308,0,1,679.97,171,668,0,0,0,0,0,0,0,0,0,97
"98","Chrna2_tdTpositive_cell_28",0,669,0,0,0,107.03,21,0,0,135.33,147.08,0,0,223.12,713,0,312.04,2,261,9.56,0,12.52,0,0,85,511,0,0,0,0,0,0,0,157,182.29,0,344.75,308,0,765.01,0,265,0,1155,0,0,0,0,0,0,1,113,228,0,0,0.3,0,0,0,0,0,0,19.79,23.78,0,0,0.52,0,0.96,0,0,0,0,0,0,0,7,0,0,0,6.63,0,0,1625,0,378.21,16.56,143,10,0,0,0,265.99,0,0,0,0,0,19
"99","Chrna2_tdTpositive_cell_29",0,113,259,0,0,91,3,0,0,268,248.33,0,2.12,51.4,18,47,6,237,378,39.14,0,6.03,46,0,51,735.34,0,0,0,0,2.32,0,0,166,126.76,0,141.9,95,57,277.83,44,44,0,1512,0,0,0,46,125,0,66,0,52,59,0,0,0,0,0,0,0,0,13.29,6.08,0,0,0,0,115.16,0,0,0,217,221,0,0,5.47,22,1,0,5.91,185,0,881,0,2,149.53,400,292,70,0,0,181.62,0,0,0,0,0,50
"100","Chrna2_tdTpositive_cell_30",0,593,908,0,0,1018.16,216.03,0,0,0,449.18,0,0,53.67,5.44,127,337.37,377,536,6.51,0,13.04,0,0,7,760.14,0,0,0,0,0,0,0,26,121.54,0,258.53,94,355.08,39.72,0,669,0,2521,0,0,0,36,2,0,114,0,0,0,0,106,0,82,5,0,128.99,607,32.4,20.32,0,0,0,0,0,0,0,0,0,57,0,0,711.29,2,0,0,11.31,1,0,1187,0,2.98,16.17,190,0,151.05,0,107.16,614.98,0,0,0,0,0,0
